product_id,variant_id,product_code,product_name,category,subcategory,brand,description,warehouse_location,size,color,material,dimensions_cm_lwh,currency,attributes_json,in_stock,price,discounted_price,discount_percent,availability_count,num_reviews,rating,weight_kg,release_date,images,sku
1001,100101,CLO-TSH-ALS-1001,Allen Solly Men's Slim Fit Polo T-Shirt,Clothing,T-Shirt,Allen Solly,"Crafted from breathable premium combed cotton, this Allen Solly slim-fit polo t-shirt features a ribbed collar, short sleeves, and classic 2-button placket for effortless everyday styling.",WH-MUM-01,M,Navy Blue,Cotton,28x22x3,INR,"{""fit"": ""Slim Fit"", ""pattern"": ""Solid"", ""collar"": ""Polo Collar"", ""sleeve_length"": ""Short Sleeves"", ""care_instructions"": ""Machine Wash Warm, Tumble Dry Low""}",Yes,1299.00,899.00,31,85,420,4.4,0.25,15-03-2024,"https://images.unsplash.com/photo-1581655353564-df123a1eb820?auto=format&fit=crop&w=800&q=80,https://images.unsplash.com/photo-1521572267360-ee0c2909d518?auto=format&fit=crop&w=800&q=80",CLO-TSH-ALS-1001-NB-M
1001,100102,CLO-TSH-ALS-1001,Allen Solly Men's Slim Fit Polo T-Shirt,Clothing,T-Shirt,Allen Solly,"Crafted from breathable premium combed cotton, this Allen Solly slim-fit polo t-shirt features a ribbed collar, short sleeves, and classic 2-button placket for effortless everyday styling.",WH-MUM-01,L,Navy Blue,Cotton,29x23x3,INR,"{""fit"": ""Slim Fit"", ""pattern"": ""Solid"", ""collar"": ""Polo Collar"", ""sleeve_length"": ""Short Sleeves"", ""care_instructions"": ""Machine Wash Warm, Tumble Dry Low""}",Yes,1299.00,899.00,31,60,420,4.4,0.26,15-03-2024,https://images.unsplash.com/photo-1581655353564-df123a1eb820?auto=format&fit=crop&w=800&q=80,CLO-TSH-ALS-1001-NB-L
1001,100103,CLO-TSH-ALS-1001,Allen Solly Men's Slim Fit Polo T-Shirt,Clothing,T-Shirt,Allen Solly,"Crafted from breathable premium combed cotton, this Allen Solly slim-fit polo t-shirt features a ribbed collar, short sleeves, and classic 2-button placket for effortless everyday styling.",WH-BLR-02,M,Black,Cotton,28x22x3,INR,"{""fit"": ""Slim Fit"", ""pattern"": ""Solid"", ""collar"": ""Polo Collar"", ""sleeve_length"": ""Short Sleeves"", ""care_instructions"": ""Machine Wash Warm, Tumble Dry Low""}",Yes,1299.00,899.00,31,45,420,4.4,0.25,15-03-2024,https://images.unsplash.com/photo-1503342217505-b0a15ec3261c?auto=format&fit=crop&w=800&q=80,CLO-TSH-ALS-1001-BK-M
1002,100201,CLO-JNS-LEV-1002,Levi's Men's 511 Slim Fit Stretch Jeans,Clothing,Jeans,Levis,"A modern slim with room to move, the 511 Slim Fit Stretch Jeans are a classic since right now. Cut close to the body with comfortable stretch denim for all-day mobility.",WH-DEL-01,32,Navy Blue,Stretch Denim,32x26x4,INR,"{""fit"": ""Slim Fit"", ""rise"": ""Mid Rise"", ""stretch"": ""Slight Stretch"", ""closure"": ""Zip Fly with Button Closure"", ""pockets"": ""5 Pockets""}",Yes,3499.00,2449.00,30,50,680,4.6,0.65,10-01-2024,"https://images.unsplash.com/photo-1542272604-780c96856592?auto=format&fit=crop&w=800&q=80,https://images.unsplash.com/photo-1541099649105-f69ad21f3246?auto=format&fit=crop&w=800&q=80",CLO-JNS-LEV-1002-NB-32
1002,100202,CLO-JNS-LEV-1002,Levi's Men's 511 Slim Fit Stretch Jeans,Clothing,Jeans,Levis,"A modern slim with room to move, the 511 Slim Fit Stretch Jeans are a classic since right now. Cut close to the body with comfortable stretch denim for all-day mobility.",WH-DEL-01,34,Navy Blue,Stretch Denim,33x27x4,INR,"{""fit"": ""Slim Fit"", ""rise"": ""Mid Rise"", ""stretch"": ""Slight Stretch"", ""closure"": ""Zip Fly with Button Closure"", ""pockets"": ""5 Pockets""}",Yes,3499.00,2449.00,30,35,680,4.6,0.68,10-01-2024,https://images.unsplash.com/photo-1542272604-780c96856592?auto=format&fit=crop&w=800&q=80,CLO-JNS-LEV-1002-NB-34
1003,100301,CLO-SHT-VHS-1003,Van Heusen Men's Tailored Fit Cotton Formal Shirt,Clothing,Shirt,Van Heusen,"Refined tailoring meets modern sophistication. This formal shirt features a spread collar, long sleeves with rounded cuffs, and premium compact cotton fabric that resists wrinkles.",WH-BLR-01,L,White,Cotton,30x24x3,INR,"{""fit"": ""Tailored Fit"", ""cuff_style"": ""Button Cuff"", ""collar"": ""Cutaway Collar"", ""transparency"": ""Opaque"", ""weave"": ""Poplin""}",Yes,2199.00,1499.00,32,40,215,4.3,0.28,20-02-2024,"https://images.unsplash.com/photo-1602810318383-e386cc2a3ccf?auto=format&fit=crop&w=800&q=80,https://images.unsplash.com/photo-1596755094514-f87e34085b2c?auto=format&fit=crop&w=800&q=80",CLO-SHT-VHS-1003-WH-L
1004,100401,CLO-KUR-FAB-1004,Fabindia Men's Pure Cotton Long Kurta,Clothing,Kurta,Fabindia,"Classic ethnic long kurta woven from handcrafted breathable cotton yarn. Features a mandarin collar, side slits, and side pockets for casual festivities and ethnic occasions.",WH-DEL-02,M,Mustard,Cotton,35x25x2,INR,"{""length"": ""Knee Length"", ""neck"": ""Mandarin Collar"", ""weave"": ""Handloom Cotton"", ""pattern"": ""Solid Self-Texture"", ""pocket"": ""2 Side Inseam Pockets""}",Yes,1890.00,1499.00,21,55,178,4.5,0.32,12-03-2024,https://images.unsplash.com/photo-1583391733956-3750e0ff4e8b?auto=format&fit=crop&w=800&q=80,CLO-KUR-FAB-1004-MU-M
1005,100501,FTW-SPS-NIK-1005,Nike Air Zoom Pegasus 40 Road Running Shoes,Footwear,Sports Shoes,Nike,"Engineered with dual Zoom Air units and responsive React foam, the Pegasus 40 delivers a cushioned, springy ride tailored for road running and marathon workouts.",WH-DEL-02,9,Red,Mesh,34x22x12,INR,"{""surface"": ""Road"", ""cushioning"": ""Responsive Zoom Air"", ""closure"": ""Lace-Up"", ""toe_shape"": ""Round Toe"", ""arch_type"": ""Neutral""}",Yes,10495.00,7999.00,24,30,890,4.7,0.58,05-04-2024,"https://images.unsplash.com/photo-1542291026-7eec264c27ff?auto=format&fit=crop&w=800&q=80,https://images.unsplash.com/photo-1552346154-21d32810aba3?auto=format&fit=crop&w=800&q=80",FTW-SPS-NIK-1005-RD-09
1005,100502,FTW-SPS-NIK-1005,Nike Air Zoom Pegasus 40 Road Running Shoes,Footwear,Sports Shoes,Nike,"Engineered with dual Zoom Air units and responsive React foam, the Pegasus 40 delivers a cushioned, springy ride tailored for road running and marathon workouts.",WH-DEL-02,10,Red,Mesh,35x23x13,INR,"{""surface"": ""Road"", ""cushioning"": ""Responsive Zoom Air"", ""closure"": ""Lace-Up"", ""toe_shape"": ""Round Toe"", ""arch_type"": ""Neutral""}",Yes,10495.00,7999.00,24,22,890,4.7,0.6,05-04-2024,https://images.unsplash.com/photo-1542291026-7eec264c27ff?auto=format&fit=crop&w=800&q=80,FTW-SPS-NIK-1005-RD-10
1006,100601,FTW-SNK-PUM-1006,Puma Smash V2 Unisex Low-Top Sneakers,Footwear,Sneakers,Puma,Tennis-inspired silhouette with clean leather styling and SoftFoam+ sockliner for superior cushioning and optimal step-in comfort.,WH-MUM-02,8,White,Leather,32x20x11,INR,"{""sole_material"": ""Durable Rubber"", ""insole"": ""SoftFoam+ Comfort"", ""closure"": ""Lace-Up"", ""ankle_height"": ""Low-Top"", ""occasional_use"": ""Casual Lifestyle""}",Yes,3999.00,2399.00,40,75,512,4.5,0.7,12-02-2024,"https://images.unsplash.com/photo-1608231387042-66d1773070a5?auto=format&fit=crop&w=800&q=80,https://images.unsplash.com/photo-1560769629-975ec94e6a86?auto=format&fit=crop&w=800&q=80",FTW-SNK-PUM-1006-WH-08
1007,100701,FTW-FMS-BAT-1007,Bata Men's Genuine Leather Oxford Formal Shoes,Footwear,Formal Shoes,Bata,Timeless closed-lacing Oxford shoes made from premium full-grain leather. Designed with cushioned footbeds for executive and boardroom comfort.,WH-KOL-01,9,Black,Genuine Leather,33x21x12,INR,"{""lining"": ""Breathable Leather"", ""toe_style"": ""Cap Toe"", ""fastening"": ""Lace-Up"", ""sole"": ""Anti-Skid TPR Sole""}",Yes,2999.00,1999.00,33,40,310,4.2,0.85,18-01-2024,"https://images.unsplash.com/photo-1614252235316-8c857d38b5f4?auto=format&fit=crop&w=800&q=80,https://images.unsplash.com/photo-1533867617858-e7b97e060509?auto=format&fit=crop&w=800&q=80",FTW-FMS-BAT-1007-BK-09
1008,100801,FTW-BOT-WDL-1008,Woodland Men's Nubuck Leather Outdoor Trekking Boots,Footwear,Boots,Woodland,Rugged all-weather boots crafted with high-grade nubuck leather and grooved rubber lug soles engineered for maximum traction on rough outdoor terrain.,WH-DEL-01,9,Olive Green,Genuine Leather,35x24x14,INR,"{""water_resistance"": ""Water Repellent Nubuck"", ""ankle_height"": ""Mid-Top"", ""sole_pattern"": ""Deep Lug Traction"", ""insole"": ""Shock-Absorbing EVA Footbed""}",Yes,4995.00,3745.00,25,35,460,4.6,1.2,10-11-2023,https://images.unsplash.com/photo-1520639888713-7851133b1ed0?auto=format&fit=crop&w=800&q=80,FTW-BOT-WDL-1008-OG-09
1009,100901,ELE-SPH-APP-1009,"Apple iPhone 15 (128 GB, 5G)",Electronics,Smartphone,Apple,Dynamic Island bubbles up alerts and Live Activities. 48MP Main camera with 2x Telephoto. Durable color-infused glass and aluminum design with USB-C connector.,WH-BLR-01,NA,Black,NA,14.7x7.1x0.78,INR,"{""display"": ""6.1-inch Super Retina XDR OLED"", ""processor"": ""A16 Bionic chip with 5-core GPU"", ""storage_gb"": 128, ""camera"": ""48MP Dual Camera System"", ""connectivity"": ""5G, Wi-Fi 6, Bluetooth 5.3, USB-C""}",Yes,79900.00,70999.00,11,65,1420,4.8,0.171,22-09-2023,"https://images.unsplash.com/photo-1511707171634-5f897ff02aa9?auto=format&fit=crop&w=800&q=80,https://images.unsplash.com/photo-1592750475338-74b7b21085ab?auto=format&fit=crop&w=800&q=80",ELE-SPH-APP-1009-BK-NA
1009,100902,ELE-SPH-APP-1009,"Apple iPhone 15 (128 GB, 5G)",Electronics,Smartphone,Apple,Dynamic Island bubbles up alerts and Live Activities. 48MP Main camera with 2x Telephoto. Durable color-infused glass and aluminum design with USB-C connector.,WH-BLR-01,NA,Sky Blue,NA,14.7x7.1x0.78,INR,"{""display"": ""6.1-inch Super Retina XDR OLED"", ""processor"": ""A16 Bionic chip with 5-core GPU"", ""storage_gb"": 128, ""camera"": ""48MP Dual Camera System"", ""connectivity"": ""5G, Wi-Fi 6, Bluetooth 5.3, USB-C""}",Yes,79900.00,70999.00,11,45,1420,4.8,0.171,22-09-2023,https://images.unsplash.com/photo-1592750475338-74b7b21085ab?auto=format&fit=crop&w=800&q=80,ELE-SPH-APP-1009-SB-NA
1010,101001,ELE-LAP-DEL-1010,"Dell Inspiron 15 Thin & Light Laptop (16GB RAM, 512GB SSD)",Electronics,Laptop,Dell,"Powered by 13th Gen Intel Core i5 processor with 15.6-inch FHD 120Hz anti-glare display, backlit keyboard, Windows 11, and express charge support.",WH-BLR-02,NA,Grey,NA,35.8x23.5x1.8,INR,"{""processor"": ""Intel Core i5-1335U 10-Core"", ""ram_gb"": 16, ""storage_gb"": 512, ""display_size_in"": 15.6, ""os"": ""Windows 11 Home"", ""graphics"": ""Intel Iris Xe Graphics""}",Yes,62990.00,54990.00,13,25,340,4.4,1.65,15-11-2023,"https://images.unsplash.com/photo-1496181133206-80ce9b88a853?auto=format&fit=crop&w=800&q=80,https://images.unsplash.com/photo-1517336714731-489689fd1ca8?auto=format&fit=crop&w=800&q=80",ELE-LAP-DEL-1010-GY-NA
1011,101101,ELE-HPH-SNY-1011,Sony WH-1000XM5 Wireless Noise Cancelling Headphones,Electronics,Headphones,Sony,"Industry-leading noise cancellation optimized by two processors and eight microphones. Exceptional audio quality with LDAC, crystal clear hands-free calling, and up to 30 hours battery life.",WH-MUM-01,NA,Black,NA,22x20x7,INR,"{""form_factor"": ""Over-Ear"", ""battery_life_hours"": 30, ""noise_control"": ""Active Noise Cancellation"", ""charging_time_hours"": 3.5, ""driver_unit_mm"": 30}",Yes,34990.00,26990.00,23,55,780,4.7,0.25,14-05-2023,"https://images.unsplash.com/photo-1505740420928-5e560c06d30e?auto=format&fit=crop&w=800&q=80,https://images.unsplash.com/photo-1484704849700-f032a568e944?auto=format&fit=crop&w=800&q=80",ELE-HPH-SNY-1011-BK-NA
1012,101201,ELE-HPH-BOT-1012,boAt Rockerz 450 Bluetooth On-Ear Headphones with Mic,Electronics,Headphones,boAt,Massive 40mm dynamic drivers deliver punchy rhythmic bass. Padded ear cushions ensure listening comfort for up to 15 hours non-stop playback.,WH-DEL-01,NA,Beige,NA,19x16x7,INR,"{""driver_size_mm"": 40, ""playback_hours"": 15, ""voice_assistant"": ""Siri & Google Assistant"", ""aux_compatibility"": true}",Yes,3990.00,1499.00,62,140,1950,4.2,0.168,08-01-2024,https://images.unsplash.com/photo-1546435770-a3e426bf472b?auto=format&fit=crop&w=800&q=80,ELE-HPH-BOT-1012-BE-NA
1013,101301,ELE-SMW-NOI-1013,Noise ColorFit Pro 5 Max 1.96-inch AMOLED Smartwatch,Electronics,Smartwatch,Noise,"Large vibrant AMOLED display with always-on feature, Tru Sync Bluetooth calling with quick dial pad, 100+ sports modes, SpO2 & 24/7 heart rate health tracking.",WH-DEL-01,NA,Charcoal,NA,4.5x3.8x1.1,INR,"{""display_size_in"": 1.96, ""display_type"": ""AMOLED"", ""water_resistance"": ""IP68 Water Resistant"", ""sensors"": ""SpO2, Heart Rate, Accelerometer"", ""battery_life_days"": 7}",Yes,5999.00,3499.00,42,110,640,4.3,0.045,08-11-2023,"https://images.unsplash.com/photo-1523275335684-37898b6baf30?auto=format&fit=crop&w=800&q=80,https://images.unsplash.com/photo-1508685096489-7aacd43bd3b1?auto=format&fit=crop&w=800&q=80",ELE-SMW-NOI-1013-CH-NA
1014,101401,ELE-BTS-JBL-1014,JBL Flip 6 Wireless Portable Bluetooth Speaker,Electronics,Bluetooth Speaker,JBL,Bold JBL Original Pro Sound with 2-way speaker system delivering powerful clarity and deep bass. IP67 waterproof and dustproof with up to 12 hours playtime on a single charge.,WH-BLR-02,NA,Black,NA,17.8x6.8x7.2,INR,"{""power_output_w"": 30, ""bluetooth_version"": ""5.1"", ""battery_hours"": 12, ""waterproof_rating"": ""IP67"", ""partyboost_enabled"": true}",Yes,13999.00,9999.00,29,48,920,4.6,0.55,10-06-2023,"https://images.unsplash.com/photo-1608043152269-423dbba4e7e1?auto=format&fit=crop&w=800&q=80,https://images.unsplash.com/photo-1545454675-3531b543be5d?auto=format&fit=crop&w=800&q=80",ELE-BTS-JBL-1014-BK-NA
1015,101501,ELE-PWB-XIA-1015,Xiaomi Power Bank 3i 20000mAh with 18W Fast Charging,Electronics,Power Bank,Xiaomi,"High-capacity lithium polymer battery with triple port output, dual input (Micro-USB and Type-C), and advanced 12-layer circuit protection chip.",WH-MUM-01,NA,Black,NA,15x7.2x2.6,INR,"{""capacity_mah"": 20000, ""fast_charging_watts"": 18, ""ports_count"": 3, ""battery_type"": ""Lithium Polymer"", ""cable_included"": ""Type-C""}",Yes,2199.00,1699.00,23,90,1120,4.4,0.434,18-09-2023,https://images.unsplash.com/photo-1609592424368-2438bbdf5014?auto=format&fit=crop&w=800&q=80,ELE-PWB-XIA-1015-BK-NA
1016,101601,HNK-CKW-PRS-1016,Prestige Deluxe Alpha Stainless Steel Pressure Cooker (3 Litres),Home & Kitchen,Cookware,Prestige,"Euroclad base with induction and gas compatibility. Made from high-grade stainless steel with pressure indicator and precision weight valve for safe, uniform cooking.",WH-MUM-01,NA,Grey,NA,36x20x18,INR,"{""capacity_litres"": 3.0, ""base_type"": ""Alpha Base Induction Compatible"", ""safety_valve"": ""Controlled Gasket Release System"", ""warranty_years"": 5}",Yes,3120.00,2499.00,20,60,380,4.5,1.95,15-08-2023,"https://images.unsplash.com/photo-1584990347449-39b56f8f5376?auto=format&fit=crop&w=800&q=80,https://images.unsplash.com/photo-1590794056226-79ef3a8147e1?auto=format&fit=crop&w=800&q=80",HNK-CKW-PRS-1016-GY-NA
1017,101701,HNK-CKW-WCH-1017,Wonderchef Granite Non-Stick Cookware Set (3 Pieces with Glass Lid),Home & Kitchen,Cookware,Wonderchef,Healthy non-stick coating completely free from PFOA and heavy metals. Thick virgin aluminium ensures fast heat distribution without hot spots.,WH-DEL-02,NA,Black,NA,42x28x14,INR,"{""set_contents"": ""Frying Pan 24cm, Kadhai with Lid 24cm, Dosa Tawa 28cm"", ""coating_layers"": 5, ""induction_safe"": true, ""dishwasher_safe"": true}",Yes,4500.00,2799.00,38,40,290,4.3,2.8,10-10-2023,https://images.unsplash.com/photo-1590794056226-79ef3a8147e1?auto=format&fit=crop&w=800&q=80,HNK-CKW-WCH-1017-BK-NA
1018,101801,HNK-STC-MLT-1018,Milton Thermosteel Flip Lid Vacuum Insulated Flask (1000 ml),Home & Kitchen,Storage & Containers,Milton,Double-walled vacuum insulated flask fabricated inside and outside with food-grade 18/8 stainless steel. Keeps beverages hot or cold for 24 hours.,WH-DEL-02,NA,Grey,NA,32x9x9,INR,"{""capacity_ml"": 1000, ""insulation"": ""Double Wall Vacuum"", ""temp_retention_hours"": 24, ""leak_proof"": true, ""bpa_free"": true}",Yes,1290.00,999.00,23,90,850,4.6,0.49,02-09-2023,https://images.unsplash.com/photo-1517256064527-09c73fc73e38?auto=format&fit=crop&w=800&q=80,HNK-STC-MLT-1018-GY-NA
1019,101901,HNK-BED-BMD-1019,Bombay Dyeing 100% Cotton King Size Bedsheet with 2 Pillow Covers,Home & Kitchen,Bedsheet,Bombay Dyeing,Luxurious 200 thread count sateen weave bedsheet made from 100% long-staple cotton for ultra-soft hand feel and breathable night comfort.,WH-BLR-01,NA,Navy Blue,Cotton,274x274x0.2,INR,"{""thread_count"": 200, ""weave"": ""Sateen Weave"", ""pillow_cover_size_cm"": ""46x69"", ""care"": ""Machine Washable, Do Not Bleach""}",Yes,2499.00,1749.00,30,70,320,4.5,1.15,24-11-2023,https://images.unsplash.com/photo-1584100936595-c0654b55a2e2?auto=format&fit=crop&w=800&q=80,HNK-BED-BMD-1019-NB-NA
1020,102001,BPC-SKC-ORD-1020,The Ordinary Niacinamide 10% + Zinc 1% Oil Control Serum (30ml),Beauty & Personal Care,Skincare,The Ordinary,High-strength vitamin and mineral blemish formula with 10% pure Niacinamide and 1% Zinc PCA to visibly reduce sebum activity and decongest skin pores.,WH-MUM-01,NA,White,NA,11x3.5x3.5,INR,"{""volume_ml"": 30, ""skin_type"": ""All Skin Types, Oily/Blemish-prone"", ""formulation"": ""Lightweight Water-based Serum"", ""fragrance_free"": true, ""alcohol_free"": true}",Yes,700.00,630.00,10,150,1820,4.6,0.085,01-10-2023,"https://images.unsplash.com/photo-1620916566398-39f1143ab7be?auto=format&fit=crop&w=800&q=80,https://images.unsplash.com/photo-1608248597359-54316d2b3bf1?auto=format&fit=crop&w=800&q=80",BPC-SKC-ORD-1020-WH-NA
1021,102101,BPC-HRC-MAM-1021,Mamaearth Onion Hair Fall Control Shampoo with Plant Keratin (400ml),Beauty & Personal Care,Haircare,Mamaearth,"Enriched with onion oil and plant keratin, this toxin-free shampoo stimulates blood circulation to the roots and reduces hair loss while restoring natural shine.",WH-BLR-01,NA,White,NA,18x6x6,INR,"{""volume_ml"": 400, ""hair_type"": ""All Hair Types"", ""sulfate_free"": true, ""paraben_free"": true, ""cruelty_free"": true}",Yes,499.00,399.00,20,80,460,4.3,0.44,14-11-2023,https://images.unsplash.com/photo-1535585209827-a15fcdbc4c2d?auto=format&fit=crop&w=800&q=80,BPC-HRC-MAM-1021-WH-NA
1022,102201,BPC-MUP-MAY-1022,Maybelline New York Colossal Waterproof Volumizing Mascara,Beauty & Personal Care,Makeup,Maybelline,"Delivers bold, colossal volume instantly without clumps. Collagen-infused formula and mega brush plump lashes up to 9x volume for all-day smudge-proof wear.",WH-MUM-01,NA,Black,NA,12x2x2,INR,"{""waterproof"": true, ""ophthalmologist_tested"": true, ""wear_time_hours"": 24, ""brush_type"": ""Colossal Mega Brush""}",Yes,449.00,359.00,20,120,1250,4.5,0.035,05-02-2024,https://images.unsplash.com/photo-1596462502278-27bfdc403348?auto=format&fit=crop&w=800&q=80,BPC-MUP-MAY-1022-BK-NA
1023,102301,BPC-MUP-LAK-1023,Lakme Absolute Matte Melt Velvet Liquid Lip Color (6ml),Beauty & Personal Care,Makeup,Lakme,Feather-light liquid formula that delivers intense matte pigmentation with a comfortable velvet finish. Non-drying and enriched with rosehip oil.,WH-DEL-01,NA,Red,NA,10x2x2,INR,"{""finish"": ""Velvet Matte"", ""volume_ml"": 6, ""transfer_proof"": true, ""enriched_with"": ""Rosehip Oil""}",Yes,850.00,595.00,30,95,680,4.4,0.028,18-01-2024,https://images.unsplash.com/photo-1586495777744-4413f21062fa?auto=format&fit=crop&w=800&q=80,BPC-MUP-LAK-1023-RD-NA
1024,102401,SPF-YGM-BOL-1024,Boldfit Non-Slip Exercise Yoga Mat with Carry Strap (6mm),Sports & Fitness,Yoga Mat,Boldfit,"High-density anti-tear TPE foam provides optimal cushioning for spine, hips, knees, and elbows. Dual-sided non-slip surface grips securely on wooden floors and tiles.",WH-DEL-01,NA,Olive Green,EVA,183x61x0.6,INR,"{""thickness_mm"": 6, ""material_type"": ""Eco-friendly TPE / EVA"", ""strap_included"": true, ""water_resistant"": true, ""ideal_for"": ""Yoga, Pilates, Calisthenics""}",Yes,1499.00,899.00,40,65,670,4.5,0.95,05-01-2024,"https://images.unsplash.com/photo-1601925260368-ae2f83cf8b7f?auto=format&fit=crop&w=800&q=80,https://images.unsplash.com/photo-1518611012118-696072aa579a?auto=format&fit=crop&w=800&q=80",SPF-YGM-BOL-1024-OG-NA
1025,102501,SPF-DMB-COS-1025,Cosco Hexagonal Rubber Encased Dumbbells Pair (5kg x 2),Sports & Fitness,Dumbbells,Cosco,Heavy-duty cast iron encased in premium low-odor rubber to protect flooring. Hexagonal anti-roll design with ergonomic knurled chrome steel handle.,WH-MUM-02,NA,Black,Rubber,28x12x12,INR,"{""pair_weight_kg"": 10.0, ""single_weight_kg"": 5.0, ""handle_type"": ""Ergonomic Knurled Grip"", ""shape"": ""Hexagonal Anti-Roll"", ""coating"": ""Virgin Rubber Coating""}",Yes,2800.00,1999.00,29,35,340,4.7,10.0,20-02-2024,"https://images.unsplash.com/photo-1583454110551-21f2fa2afe61?auto=format&fit=crop&w=800&q=80,https://images.unsplash.com/photo-1586401100295-7a8096fd231a?auto=format&fit=crop&w=800&q=80",SPF-DMB-COS-1025-BK-NA
1026,102601,SPF-FBL-NVA-1026,Nivia Storm Thermal Bonded Training Football (Size 5),Sports & Fitness,Football,Nivia,32-panel aerodynamic structure engineered with rubberized PU surface and reinforced butyl bladder for true trajectory and excellent air retention on grass and turf.,WH-BLR-02,NA,White,Rubber,22x22x22,INR,"{""ball_size"": 5, ""construction"": ""Thermal Bonded 32 Panels"", ""bladder"": ""Reinforced Butyl Bladder"", ""suitable_for"": ""Grass & Artificial Turf""}",Yes,1150.00,799.00,31,80,520,4.5,0.42,10-01-2024,https://images.unsplash.com/photo-1579952363873-27f3bade9f55?auto=format&fit=crop&w=800&q=80,SPF-FBL-NVA-1026-WH-NA
1027,102701,SPF-CRB-SG-1027,SG Savage English Willow Full Size Cricket Bat,Sports & Fitness,Cricket Bat,SG,Traditionally shaped and styled for maximum stability and power strokes. Handcrafted from selected Grade 3 English Willow with thick edges and curved blade.,WH-DEL-01,NA,Beige,NA,85x11x6,INR,"{""willow_grade"": ""Grade 3 English Willow"", ""bat_size"": ""Short Handle (Full Size)"", ""handle_type"": ""Round Sarawak Cane Handle with Chevron Grip"", ""sweet_spot"": ""Mid to Low Profile""}",Yes,8999.00,6749.00,25,25,160,4.6,1.18,04-03-2024,https://images.unsplash.com/photo-1531415074868-036b1c57e329?auto=format&fit=crop&w=800&q=80,SPF-CRB-SG-1027-BE-NA
1028,102801,BOK-SLF-PNG-1028,Atomic Habits: An Easy & Proven Way to Build Good Habits,Books,Self-Help,Penguin,"Written by James Clear, this world-renowned bestseller draws on biology, psychology, and neuroscience to create an easy-to-understand guide for making good habits inevitable and bad habits impossible.",WH-DEL-01,NA,Beige,NA,23x15x2.5,INR,"{""author"": ""James Clear"", ""isbn"": ""9781847941831"", ""pages"": 320, ""language"": ""English"", ""binding"": ""Paperback"", ""edition"": ""1st Edition""}",Yes,799.00,499.00,38,200,5600,4.9,0.34,16-10-2018,"https://images.unsplash.com/photo-1544716278-ca5e3f4abd8c?auto=format&fit=crop&w=800&q=80,https://images.unsplash.com/photo-1512820790803-83ca734da794?auto=format&fit=crop&w=800&q=80",BOK-SLF-PNG-1028-BE-NA
1029,102901,BOK-BUS-HCL-1029,"The Psychology of Money: Timeless Lessons on Wealth, Greed, and Happiness",Books,Business,HarperCollins,Morgan Housel shares 19 short stories exploring the strange ways people think about money and teaches you how to make better sense of one of life's most important topics.,WH-BLR-02,NA,White,NA,21x14x2,INR,"{""author"": ""Morgan Housel"", ""isbn"": ""9789390166268"", ""pages"": 252, ""language"": ""English"", ""binding"": ""Paperback"", ""edition"": ""1st Edition""}",Yes,499.00,349.00,30,180,4120,4.8,0.28,01-09-2020,https://images.unsplash.com/photo-1512820790803-83ca734da794?auto=format&fit=crop&w=800&q=80,BOK-BUS-HCL-1029-WH-NA
1030,103001,BOK-FIC-BLO-1030,Harry Potter and the Philosopher's Stone (Special 25th Anniversary Edition),Books,Fiction,Bloomsbury,The timeless magical adventure that began the global phenomenon. Follow Harry Potter as he discovers Hogwarts School of Witchcraft and Wizardry.,WH-MUM-01,NA,Red,NA,24x16x3,INR,"{""author"": ""J.K. Rowling"", ""isbn"": ""9781526646651"", ""pages"": 368, ""language"": ""English"", ""binding"": ""Hardcover"", ""series"": ""Harry Potter #1""}",Yes,999.00,799.00,20,140,7890,4.9,0.52,09-06-2022,https://images.unsplash.com/photo-1544947950-fa07a98d237f?auto=format&fit=crop&w=800&q=80,BOK-FIC-BLO-1030-RD-NA
